ID,Brand,Current Price,Original Price,Discount Percentage,Rating,Number OF Ratings,Model Name,Dial Shape,Strap Color,Strap Material,Touchscreen,Battery Life (Days),Bluetooth,Display Size,Weight,Country,Year sold
0,noise,82990,"$82,990",7.686318131,4,65,Wrb-sw-colorfitpro4alpha-std-rgld_pnk,,,,,8,Yes,,35 - 50 g,America,2017
1,fire-boltt,3799,"$3,799",77.65162657,4.3,20788,BSW046,,,Silicon,Yes,3.5,Yes,1.8 inches,50 - 75 g,America,2013
2,boat,1999,"$1,999",74.98122653,3.8,21724,Wave Call,,,Silicon,Yes,8,Yes,1.7 inches,35 - 50 g,America,2014
3,fire-boltt,1799,"$1,799",91.00455023,4.3,13244,BSW053,,,Silicon,Yes,3.5,Yes,1.8 inches,75g +,America,2016
4,noise,1599,"$1,599",68.01360272,4.1,13901,Wrb-sw-colorfitpulsegobuzz-std-blk_blk,,,Other,Yes,8,Yes,1.7 inches,35 - 50 g,America,2017
5,noise,1499,"$1,499",62.51562891,4,32704,NSW-05,,,Other,Yes,8,Yes,1.7 inches,35 - 50 g,America,2016
6,noise,1999,"$1,999",60.0120024,4.1,1018,,,,,,,Yes,1.4 inches,35 - 50 g,America,2015
7,noise,1799,"$1,799",55.01375344,4,32704,wrb-sw-colorfitgrand-std-rpnk_rpnk,,,Other,Yes,8,Yes,1.7 inches,35 - 50 g,America,2016
8,noise,1999,"$1,999",69.24142176,4.1,39479,Wrb-sw-colorfitultrase-std-gld_brn,,,Other,Yes,8,Yes,1.8 inches,35 - 50 g,America,2016
9,noise,1999,"$1,999",66.67777963,4.1,39479,Wrb-sw-colorfitultra-std-gry_blk,,,Other,Yes,8,Yes,1.8 inches,35 - 50 g,America,2017
10,noise,1999,"$1,999",66.67777963,4.1,8765,Wrb-sw-colorfitpulse2max-std-blk_blk,,,Other,Yes,8,Yes,1.9 inches,35 - 50 g,America,2012
11,noise,1799,"$1,799",55.01375344,4,32704,wrb-sw-colorfitgrand-std-grn_grn,,,Other,Yes,8,Yes,1.7 inches,35 - 50 g,America,2016
12,noise,3799,"$3,799",52.50656332,3.8,545,Wrb-sw-colorfitpro4alpha-std-blk_blk,,,,,8,Yes,,35 - 50 g,America,2018
13,noise,3499,"$3,499",41.67361227,3.8,281,Wrb-sw-force-std-blk_blk,,,,,8,Yes,,35 - 50 g,America,2016
14,noise,1999,"$1,999",66.67777963,4.1,9081,wrb-sw-colorfitultrabuzz-std-ogrn_ogrn,,,Other,Yes,,Yes,1.8 inches,35 - 50 g,America,2012
15,noise,1499,"$1,499",70.0140028,4,93075,wrb-sw-colorfitpro2-std-blk,,,Polycarbonate,Yes,3.6,Yes,1.3 inches,20 - 35 g,Australia,2017
16,noise,1799,"$1,799",64.01280256,4.1,13901,Wrb-sw-colorfitpulsegobuzz-std-gry_gry,,,Other,Yes,8,Yes,1.7 inches,35 - 50 g,Australia,2014
17,noise,1999,"$1,999",66.67777963,4.1,8765,Wrb-sw-colorfitpulse2max-std-blu_blu,,,Other,Yes,8,Yes,1.9 inches,35 - 50 g,Australia,2014
18,noise,1999,"$1,999",66.67777963,4.1,9081,wrb-sw-colorfitultrabuzz-std-blk_blk,,,Other,Yes,,Yes,1.8 inches,35 - 50 g,Australia,2015
19,noise,2499,"$2,499",58.34305718,3.5,227,,,,,,,Yes,1.3 inches,35 - 50 g,Australia,2016
20,noise,1799,"$1,799",55.01375344,4,32704,wrb-sw-colorfitgrand-std-blu_blu,,,Other,Yes,8,Yes,1.7 inches,35 - 50 g,Australia,2012
21,noise,2999,"$2,999",50.00833472,4.1,5866,Wrb-sw-colorfitpro4-std-slvr_org,,,Other,Yes,,Yes,1.7 inches,35 - 50 g,Australia,2017
22,boat,2699,"$2,699",66.22027534,4.2,71481,,,,Silicon,Yes,8,Yes,1.7 inches,50 - 75 g,Australia,2017
23,boat,2499,"$2,499",68.72340426,4.2,71481,8.90E+12,,,Silicon,Yes,8,Yes,,50 - 75 g,Australia,2015
24,boat,1999,"$1,999",74.98122653,3.8,21724,Wave Call,,,Silicon,Yes,8,Yes,1.7 inches,35 - 50 g,Australia,2017
25,boat,1199,"$1,199",82.84692418,4,27771,Watch Flash,,,Silicon,Yes,8,Yes,1.3 inches,50 - 75 g,Australia,2013
26,boat,1799,"$1,799",74.26323319,3.9,2931,Watch Blaze,,,Metal,Yes,8,Yes,1.8 inches,35 - 50 g,Australia,2016
27,boat,1999,"$1,999",74.98122653,3.8,21724,Wave Call,,,Silicon,Yes,8,Yes,1.7 inches,35 - 50 g,Australia,2015
28,boat,2599,"$2,599",67.4718398,4.2,71481,8.90E+12,,,Silicon,Yes,8,Yes,,75g +,Australia,2013
29,boat,1999,"$1,999",74.98122653,3.6,827,,,,,,8,Yes,,35 - 50 g,Australia,2017
30,boat,1999,"$1,999",74.98122653,3.6,827,,,,,,8,Yes,,75g +,Australia,2013
31,boat,1199,"$1,199",82.84692418,4,27771,Watch Flash,,,Silicon,Yes,8,Yes,1.3 inches,50 - 75 g,Australia,2014
32,noise,1799,"$1,799",64.01280256,4,69803,Wrb-sw-colorfitpulse2-std-blu_blu,,,Other,Yes,,Yes,1.8 inches,35 - 50 g,Australia,2018
33,boat,1699,"$1,699",75.69384835,3.9,23498,Wave Lite,,,Stainless Steel,Yes,8,Yes,1.7 inches,35 - 50 g,Australia,2016
34,noise,1799,"$1,799",64.01280256,4.1,13901,wrb-sw-colorfitpulsegobuzz-std-grn_grn,,,Other,Yes,8,Yes,1.7 inches,35 - 50 g,Australia,2017
35,boat,1199,"$1,199",82.84692418,4,27771,Watch Flash,,,Silicon,Yes,8,Yes,1.3 inches,50 - 75 g,Australia,2014
36,boat,1449,"$1,449",75.8096828,3.9,3944,,,,,,,Yes,1.7 inches,35 - 50 g,Australia,2012
37,boat,1899,"$1,899",70.78012002,3.7,328,,,,,Yes,8,Yes,1.7 inches,35 - 50 g,Australia,2018
38,boat,2199,"$2,199",72.50906363,,,BoAt Wave Call Plus,,,,Yes,,Yes,1.8 inches,75g +,Australia,2017
39,honor,11499,$11499,39.47576188,3.9,406,MUS-B19,,,,Yes,12.5,Yes,1.4 inches,35 - 50 g,Australia,2014
40,honor,2199,"$2,199",-17.71948608,4.1,181,ARG-B39-cr,,,,Yes,3.5,Yes,1.5 inches,<= 20 g,Australia,2015
41,honor,11499,"$11,499",-17.66090249,4.2,20,MUS-B19-cr,,,,Yes,12.5,Yes,1.4 inches,35 - 50 g,Australia,2017
42,honor,14999,"$14,999",-20.00160013,3.9,100,Talos-B19S-cr,,,Other,,0.75,Yes,1.2 inches,75g +,Australia,2013
43,crossbeats,2999,"$2,999",70.0070007,4.3,674,Grit,,,,Yes,12.5,Yes,1.8 inches,20 - 35 g,Australia,2014
44,honor,8999,"$8,999",40.00266684,4.4,7792,,,,,,,Yes,1.4 inches,35 - 50 g,Australia,2015
45,crossbeats,5999,"$5,999",60.00400027,4.3,996,Infinti 2.0,,,,Yes,8,Yes,1.4 inches,20 - 35 g,Australia,2014
46,honor,8999,"$8,999",-20.42017931,4.1,323,Minos-B19S-cr,,,Other,Yes,0.75,Yes,1.4 inches,75g +,Australia,2012
47,samsung,11999,"$11,999",61.28105841,4.1,72,,,,,,,Yes,,35 - 50 g,Australia,2013
48,samsung,18410,"$18,410",51.55135661,4.3,5228,,,,,,3.6,Yes,4.6 inches,50 - 75 g,Australia,2017
49,samsung,,$,,4.3,5228,,,,,,3.6,Yes,4.4 inches,20 - 35 g,Australia,2013
50,samsung,17999,"$17,999",9.95997999,4.3,5228,,,,,,3.6,Yes,4.4 inches,20 - 35 g,Australia,2017
51,samsung,18000,"$18,000",48.56995914,4.3,5228,,,,,,,Yes,,75g +,Australia,2015
52,garmin,16990,"$16,990",24.45531347,4.3,312,GM-010-02427-80,,,Silicon,Yes,22,Yes,1.3 inches,35 - 50 g,Australia,2016
53,garmin,27990,"$27,990",23.29405317,4.5,4339,,,,,,,,,<= 20 g,Australia,2014
54,garmin,,$,,3.7,6,,,,,Yes,22,Yes,35.9 inches,35 - 50 g,Australia,2017
55,garmin,18990,"$18,990",32.15434084,4.3,19,,,,,,,,,<= 20 g,Australia,2013
56,garmin,,$,,5,1,,,,,Yes,22,Yes,35.9 inches,35 - 50 g,Australia,2016
57,garmin,34990,"$34,990",32.69859588,4.3,19,GM-010-02445-60,,,Carbon-Fiber;,,8,Yes,,35 - 50 g,Australia,2014
58,garmin,,$,,3.8,38,7.54E+11,,,Stainless Steel,Yes,8,Yes,30.0 inches,75g +,Australia,2013
59,garmin,20990,"$20,990",19.23816853,4.3,127,,,,,,,,,<= 20 g,Australia,2017
60,garmin,18990,"$18,990",7.320644217,3.5,7,,,,,,,,,,Australia,2013
61,garmin,78490,"$78,490",12.26246367,4.4,6,,,,,,,,,<= 20 g,Australia,2015
62,huawei,26581,"$26,581",37.4755957,4.7,830,,,,,,,Yes,1.4 inches,35 - 50 g,Australia,2013
63,huawei,16499,"$16,499",45.00150005,4.7,7108,,,,,,,Yes,1.4 inches,35 - 50 g,Australia,2014
64,huawei,6400,$6400,46.66222185,4.5,49,Leia-B19,,,,,8,Yes,0.5 inches,75g +,Australia,2016
65,noise,3799,$3799,52.50656332,3.8,545,Wrb-sw-colorfitpro4alpha-std-slvr_gry,,,,,8,Yes,,35 - 50 g,Australia,2018
66,dizo,2126,$2126,64.56076013,3.7,18,,,,,Yes,8,Yes,1.9 inches,20 - 35 g,Australia,2013
67,dizo,2126,$2126,64.56076013,3.7,18,,,,,Yes,8,Yes,1.9 inches,20 - 35 g,Australia,2014
68,dizo,2999,$2999,-79.68843619,4,2,,,,,,,Yes,,75g +,Australia,2015
69,dizo,,$,,2.4,7,,,,,,,Yes,,75g +,Australia,2017
70,dizo,2126,$2126,64.56076013,3.7,18,,,,,Yes,8,Yes,1.9 inches,20 - 35 g,Australia,2018
71,fire-boltt,,$,,4.3,39274,BSW049,,,Silicon,Yes,3.5,Yes,1.3 inches,35 - 50 g,Australia,2017
72,dizo,4299,$4299,38.57693956,2.5,2,,,,,,8,Yes,,75g +,Australia,2014
73,fire-boltt,1299,$1299,87.00870087,4.2,25784,BSW030,,,Silicon,Yes,8,Yes,1.7 inches,35 - 50 g,Australia,2014
74,fire-boltt,1799,$1799,82.00820082,4.2,33415,BSW042,,,Silicon,Yes,8,Yes,1.3 inches,50 - 75 g,Australia,2017
75,noise,1799,$1799,64.01280256,4.1,13901,wrb-sw-colorfitpulsegobuzz-std-rgld_pnk,,,Other,Yes,8,Yes,1.7 inches,35 - 50 g,Australia,2015
76,gizmore,1699,$1699,69.10347336,2.7,10,,,,,,,Yes,,75g +,Australia,2014
77,gizmore,1599,$1599,73.34555759,4.3,37,GIZFIT 908 Pro_Black,,,,Yes,12.5,Yes,1.7 inches,75g +,Australia,2017
78,gizmore,1499,$1499,75.01250208,,,Gizmore Ultra smartwatch-cr,,,,,,Yes,,75g +,Australia,2012
79,gizmore,1699,$1699,78.75984498,2,5,,,,,Yes,,Yes,1.7 inches,50 - 75 g,Australia,2015
80,gizmore,3299,$3299,45.00750125,4,102,Gizfit 910,,,,Yes,8,Yes,1.3 inches,75g +,Australia,2017
81,gizmore,1499,$1499,75.01250208,3,2,,,,,,,Yes,,75g +,Australia,2013
82,gizmore,3299,$3299,45.00750125,4,102,910,,,Plastic,Yes,12.5,Yes,1.3 inches,75g +,Australia,2016
83,gizmore,1699,$1699,69.10347336,2.5,3,Gizfit Blaze Smartwatch-cr,,,,,,Yes,,75g +,Australia,2017
84,ambrane,2368,$2368,47.36608135,3.5,301,FitShot Curl,,,,,12.5,Yes,,35 - 50 g,Australia,2015
85,ambrane,2199,$2199,56.01120224,3.9,256,FitShot Sphere,,,,Yes,8,Yes,,35 - 50 g,Australia,2016
86,fire-boltt,1799,$1799,18.1900864,4.3,39274,BSW049,,,Silicon,Yes,3.5,Yes,1.3 inches,35 - 50 g,Australia,2017
87,fire-boltt,1999,$1999,75.00937617,4.1,33012,BSW024,,,Silicon,Yes,8,Yes,1.7 inches,35 - 50 g,Australia,2015
88,zebronics,1799,$1799,72.31881828,3.8,2138,ZEB-DRIP,,,,Yes,3.5,Yes,4.3 inches,35 - 50 g,Australia,2014
89,noise,1799,$1799,55.01375344,4,32704,wrb-sw-colorfitgrand-std-cgry_cgry,,,Other,Yes,8,Yes,1.7 inches,35 - 50 g,Australia,2012
90,pebble,2999,$2999,57.15102157,3.8,3563,PFB22 Mint Green,,,,Yes,8,Yes,1.8 inches,75g +,Australia,2018
91,pebble,4499,$4499,40.00533404,3.6,94,PFB13 Charcoal Black,,,,Yes,12.5,Yes,1.3 inches,35 - 50 g,Australia,2015
92,pebble,,$,,3.6,725,PFB16 Black Rock,,,,Yes,12.5,Yes,1.3 inches,50 - 75 g,Australia,2017
93,pebble,4299,$4299,42.67235631,3.6,55,PFB24,,,,Yes,,Yes,1.1 inches,35 - 50 g,Australia,2013
94,crossbeats,3999,$3999,66.67222269,3.9,3856,S4 Max,,,,Yes,3.6,Yes,1.9 inches,20 - 35 g,Australia,2014
95,crossbeats,3999,$3999,50.00625078,3.9,3856,S4 Max,,,,Yes,3.6,Yes,1.9 inches,20 - 35 g,Australia,2018
96,fire-boltt,2499,$2499,75.00750075,4.1,2571,BSW072,,,,Yes,8,Yes,2.0 inches,75g +,Australia,2016
97,hammer,1799,$1799,64.01280256,3.6,516,,,,,,,Yes,1.8 inches,75g +,Australia,2014
98,zebronics,2099,$2099,73.7592199,3.8,7386,ZEB-FIT7220CH (Metallic Silver),,,Metal,Yes,8,Yes,4.4 inches,75g +,India,2014
99,zebronics,1999,$1999,50.01250313,3.8,2452,Zeb-Fit280CH(Blue),,,Other,Yes,8,Yes,3.5 inches,75g +,India,2015
100,zebronics,2449,$2449,71.18484528,3.9,207,,,,,Yes,8,Yes,,35 - 50 g,India,2012
101,zebronics,1399,$1399,65.01625406,4,311,,,,,,,Yes,4.3 inches,35 - 50 g,India,2013
102,zebronics,1799,$1799,72.31881828,3.8,2138,ZEB-DRIP (BLUE),,,,,3.5,Yes,,35 - 50 g,India,2017
103,zebronics,3499,$3499,69.57126707,4.2,52,ZEB FIT 4 - BLACK (ICONIC ULTRA),,,,Yes,0.75,Yes,1.8 inches,50 - 75 g,India,2015
104,zebronics,3599,$3599,67.27884353,3.9,1611,ZEB - COSMOS Lv1 - METALLIC BLACK,,,,Yes,8,Yes,4.5 inches,50 - 75 g,India,2017
105,zebronics,1999,$1999,71.43877697,3.8,2138,ZEB-DRIP (METAL SILVER),,,,Yes,3.5,Yes,4.3 inches,35 - 50 g,India,2015
106,zebronics,2399,$2399,60.01000167,3.8,3805,ZEB-FIT5220CH(Gold Metal),,,Other,Yes,22,Yes,4.4 inches,35 - 50 g,India,2015
107,zebronics,,$,,3.5,100,ZEB-FIT7220CH (Metallic Silver)-cr,,,,Yes,8,Yes,4.4 inches,75g +,India,2017
108,zebronics,3599,$3599,67.27884353,3.9,1611,ZEB - COSMOS Lv1 CLASSIC BLACK,,,,Yes,8,Yes,4.5 inches,50 - 75 g,India,2013
109,fire-boltt,1299,$1299,83.76047006,4.2,25784,BSW030,,,Silicon,Yes,8,Yes,1.7 inches,35 - 50 g,India,2015
110,fire-boltt,2499,$2499,79.17326444,4.1,1990,BSW070,,,,Yes,8,Yes,1.9 inches,75g +,India,2015
111,fire-boltt,1799,$1799,82.00820082,4.2,33415,BSW042,,,Silicon,Yes,8,Yes,1.3 inches,50 - 75 g,India,2017
112,fire-boltt,2499,$2499,75.00750075,4.2,23302,BSW043,,,Silicon,Yes,3.5,Yes,1.8 inches,50 - 75 g,India,2013
113,fire-boltt,2499,$2499,75.00750075,4.2,23302,BSW043,,,Silicon,Yes,3.5,Yes,1.8 inches,50 - 75 g,India,2012
114,fire-boltt,1794,$1794,77.57219652,4.1,33012,BSW024,,,Silicon,Yes,8,Yes,1.7 inches,35 - 50 g,India,2017
115,fire-boltt,3499,$3499,70.8392366,4.1,44170,BSW005,,,Silicon,Yes,3.5,Yes,1.9 inches,75g +,India,2014
116,fire-boltt,2499,$2499,86.84667614,4.2,11,BSW073,,,,Yes,3.5,Yes,1.9 inches,75g +,India,2015
117,fire-boltt,2499,$2499,79.17326444,4.1,1990,BSW070,,,,Yes,8,Yes,1.9 inches,75g +,India,2013
118,fire-boltt,1399,$1399,88.34069506,4.1,1519,BSW037,,,Silicon,Yes,8,Yes,1.8 inches,75g +,India,2017
119,fire-boltt,1899,$1899,78.8976553,4,15543,BSW003,,,Silicon,Yes,8,Yes,1.3 inches,50 - 75 g,India,2017
120,fire-boltt,1999,$1999,75.00937617,4.1,33012,BSW024,,,Silicon,Yes,8,Yes,1.7 inches,35 - 50 g,India,2012
121,fire-boltt,1799,$1799,85.00708392,4.3,39274,BSW100,,,,Yes,3.5,Yes,1.4 inches,75g +,India,2015
122,apple,29650,$29650,0.836120401,4.5,154,Watch SE GPS (2nd Gen),Rectangle,Midnight,Silicon,Yes,22,Yes,1.6 inches,<= 20 g,India,2015
123,apple,37900,$37900,,4.4,65,Watch SE GPS + Cellular (2nd Gen),Rectangle,Starlight Sport,Silicon,Yes,22,Yes,1.7 inches,<= 20 g,India,2012
124,apple,23349,$23349,2.305439331,4.6,55800,"Watch Series 3 (GPS, 42mm) - Space Grey Aluminium Case with Black Sport Band",Rectangle,Black,Silicon,Yes,22,Yes,1.7 inches,,India,2014
125,apple,33900,$33900,,4.6,3440,Watch SE GPS + Cellular,Rectangle,Pink,Silicon,Yes,22,Yes,1.6 inches,<= 20 g,India,2014
126,apple,89900,$89900,,4.7,51,Watch Ultra GPS + Cellular,Rectangle,Orange Alpine,Fabric,Yes,3.5,Yes,1.9 inches,75g +,India,2013
127,apple,55900,$55900,,4.5,132,Watch Series 8 GPS + Cellular,Rectangle,Starlight Sport,Silicon,Yes,22,Yes,1.6 inches,<= 20 g,India,2015
128,apple,44730,$44730,0.378619154,4.6,2847,"Watch Series7 (GPS, 45mm) - Green Aluminium Case with Clover Sport Band",Rectangle,Green,Aluminium,Yes,22,Yes,1.8 inches,20 - 35 g,India,2018
129,apple,41900,$41900,,4.6,2847,"Watch Series7 (GPS, 41mm) - Green Aluminium Case with Clover Sport Band",Rectangle,Green,Aluminium,Yes,22,Yes,1.6 inches,<= 20 g,India,2013
130,apple,29900,$29900,,4.6,5502,"Watch SE (GPS, 40mm) - Gold Aluminium Case with Starlight Sport Band - Regular",Rectangle,Gold,Silicon,Yes,22,Yes,1.6 inches,<= 20 g,India,2017
131,apple,49666,$49666,2.424361493,4.5,1519,"Watch Series7 (GPS + Cellular, 41mm)Blue Aluminium Case-Abyss Blue Sport Band",Rectangle,Blue,Aluminium,Yes,22,Yes,1.6 inches,<= 20 g,India,2013
132,apple,53900,$53900,,4.5,1519,"Watch Series7 (GPS + Cellular, 45mm)Blue Aluminium Case-Abyss Blue Sport Band",Rectangle,Blue,Aluminium,Yes,22,Yes,1.8 inches,20 - 35 g,India,2016
133,apple,49900,$49900,,4.5,1349,Watch Series 6 GPS + Cellular,Rectangle,Black,Silicon,Yes,22,Yes,1.6 inches,20 - 35 g,India,2017
134,apple,48900,$48900,,4.3,158,Watch Series 8 GPS,Rectangle,Starlight Sport,Silicon,Yes,22,Yes,1.8 inches,20 - 35 g,India,2017
135,apple,29900,$29900,,4.6,5502,"Watch SE(GPS, 40mm) - Silver Aluminium Case with Abyss Blue Sport Band - Regular",Rectangle,Silver,Silicon,Yes,22,Yes,1.6 inches,<= 20 g,India,2018
136,apple,29900,$29900,,4.6,5502,Apple Watch SE,Rectangle,White,Silicon,Yes,22,Yes,1.6 inches,<= 20 g,India,2017
137,apple,32899,$32899,0.003039514,4.6,5502,"Watch SE (GPS, 44mm) - Space Grey Aluminium Case with Midnight Sport Band",Rectangle,Grey,Silicon,Yes,22,Yes,1.7 inches,20 - 35 g,India,2012
138,apple,22900,$22900,4.184100418,4.6,55800,"Watch Series 3 (GPS, 42mm) - Silver Aluminium Case with White Sport Band",Rectangle,White,Silicon,Yes,22,Yes,1.7 inches,,India,2017
139,apple,41900,$41900,,4.6,2847,"Watch Series7 (GPS, 41mm) - Midnight Aluminium Case with Midnight Sport Band",Rectangle,Black,Aluminium,Yes,22,Yes,1.6 inches,<= 20 g,India,2013
140,apple,53900,$53900,,4.5,1519,Watch Series7 (GPS+Cellular-45mm)Green Aluminium Case-Clover Sport Band,Rectangle,Green,Aluminium,Yes,22,Yes,1.8 inches,20 - 35 g,India,2013
141,apple,44900,$44900,,4.6,2847,Watch Series7 (GPS-45mm) (PRODUCT)RED Aluminium Case-(PRODUCT)RED Sport Band,Rectangle,Red,Aluminium,Yes,22,Yes,1.8 inches,20 - 35 g,India,2017
142,apple,44900,$44900,,4.6,2847,"Watch Series7 (GPS, 45mm) - Blue Aluminium Case with Abyss Blue Sport Band",Rectangle,Blue,Aluminium,Yes,22,Yes,1.8 inches,20 - 35 g,India,2017
143,apple,41900,$41900,,4.6,2847,"Watch Series7 (GPS, 41mm) - Blue Aluminium Case with Abyss Blue Sport Band",Rectangle,Blue,Aluminium,Yes,22,Yes,1.6 inches,<= 20 g,India,2016
144,apple,40900,$40900,,4.5,1720,Watch Series 6 GPS,Rectangle,Black,Silicon,Yes,22,Yes,1.6 inches,20 - 35 g,India,2013
145,apple,41900,$41900,,4.6,2847,"Watch Series7 (GPS, 41mm) - Starlight Aluminium Case with Starlight Sport Band",Rectangle,White,Aluminium,Yes,22,Yes,1.6 inches,<= 20 g,India,2015
146,apple,32900,$32900,,4.6,5502,"Watch SE (GPS, 44mm) - Gold Aluminium Case with Starlight Sport Band - Regular",Rectangle,Gold,Silicon,Yes,22,Yes,1.7 inches,20 - 35 g,India,2014
147,apple,73900,$73900,,4.5,1519,"Watch Series7(GPS+Cellular, 41mm)-Gold Stainless Steel Case-Gold Milanese Loop",Rectangle,Gold,Stainless Steel,Yes,22,Yes,1.6 inches,<= 20 g,India,2016
148,noise,1999,$1999,66.67777963,4.2,80483,"ColorFit Icon 2 1.8 Display, Bluetooth Calling, AI Voice Assistance",Rectangle,Black,Silicon,Yes,22,Yes,1.8 inches,,India,2013
149,noise,1299,$1299,67.51687922,4.2,27445,"ColorFit Caliber Go with 1.69 inch HD Display, 40 Sports Modes, 150+ Watch Faces",Square,Black,Silicon,Yes,22,Yes,1.7 inches,,India,2015
150,noise,1799,$1799,64.01280256,4.2,219512,"Icon Buzz BT Calling with 1.69"" display , AI Voice Assistance, Built-In Games",Rectangle,Black,Silicon,Yes,22,Yes,1.7 inches,,India,2018
151,noise,1499,$1499,70.0140028,3.4,504,"ColorFit Caliber 2 with 1.83'' display Up to 12 Day Battery, 60 sports mode",Rectangle,Green,Silicon,Yes,8,Yes,1.8 inches,,India,2016
152,noise,1599,$1599,68.01360272,4.3,4398,"Caliber Buzz Advanced BT Calling(True Sync), 1.69"" display, 500 NITS Brightness",Rectangle,Green,Silicon,Yes,22,Yes,1.7 inches,,Sri Lanka,2012
153,noise,1499,$1499,62.51562891,4.2,275607,"ColorFit Caliber Smart Watch with 15-day battery, 1.69"" display, 60 Sports Modes",Square,White,Silicon,Yes,8,Yes,1.7 inches,,Sri Lanka,2014
154,noise,3999,$3999,42.86326618,4.4,12469,"Evolve 3, 1.43"" AMOLED AOD, 466*466px, 500 nits, BT calling,Tru Sync Technology",Circle,Black,Silicon,Yes,22,Yes,1.4 inches,,Sri Lanka,2016
155,noise,2999,$2999,62.50781348,4.3,11755,ColorFit Vision 2 Buzz,Square,Black,Silicon,Yes,22,Yes,1.8 inches,,Sri Lanka,2012
156,noise,2999,$2999,50.00833472,4.3,13108,"ColorFit Pro4 BT Calling 1.72"" TruView Display, Fully-functional digital crown",Rectangle,Black,Silicon,Yes,22,Yes,1.7 inches,,Sri Lanka,2013
157,noise,2499,$2499,64.29489927,4.3,3944,"ColorFit Loop Advanced BT Calling with 1.85"" display,130+Sports Modes",Square,Grey,Silicon,Yes,22,Yes,1.9 inches,,Sri Lanka,2012
158,noise,1299,$1299,74.01480296,4.1,142612,"Qube with 1.4"" Full Touch display, Multi-Sports modes, 7-day Battery,Spo2",Square,Black,Thermo Plastic Polyurethene,Yes,22,Yes,1.4 inches,,Sri Lanka,2015
159,noise,2999,$2999,66.6740749,4.1,22942,"Fit Buzz with 1.32inch HD Round Screen, Bluetooth calling and SPO2",Circle,Black,Silicon,Yes,22,Yes,1.3 inches,,Sri Lanka,2016
160,noise,3799,$3799,36.6727788,4.2,6004,"ColorFit Pro4 Max 1.8"" BT Calling, Noise detection, Noise Health Suite",Rectangle,Black,Silicon,Yes,22,Yes,1.8 inches,,Sri Lanka,2014
161,noise,1499,$1499,70.0140028,4.1,148555,ColorFit Pro 2,Rectangle,Black,Synthetic,Yes,22,Yes,1.3 inches,<= 20 g,Sri Lanka,2013
162,noise,1799,$1799,70.01166861,4.2,32505,ColorFit Brio,Rectangle,Black,Thermo Plastic Polyurethene,Yes,22,Yes,1.5 inches,,Sri Lanka,2017
163,noise,1999,$1999,66.67777963,4.1,69379,ColorFit Pro 3,Rectangle,Black,Thermo Plastic Polyurethene,Yes,3.5,Yes,1.6 inches,20 - 35 g,Sri Lanka,2016
164,noise,1499,$1499,62.51562891,4,6638,"Core 2 1.28"" Display , Noisefit sync app, 100+ watch faces & 50+ Sports Modes",Circle,Black,Silicon,Yes,22,Yes,1.3 inches,,Sri Lanka,2015
165,noise,1799,$1799,70.01166861,4.1,3506,"ColorFit Caliber 2 Buzz Advanced BT Calling, 1.85"" display,10 days battery",Square,Black,Silicon,Yes,22,Yes,1.8 inches,,Sri Lanka,2014
166,noise,1799,$1799,55.01375344,4.2,5970,X-Fit 2 (HRX Edition) Smart Watch with 1.69inch Display & 60 Sports Modes,Rectangle,Grey,Silicon,Yes,22,Yes,1.7 inches,,Sri Lanka,2012
167,boat,1799,$1799,77.48435544,4.1,125524,Storm call 1.69 inch HD display with bluetooth calling and 550 nits brightness,Rectangle,Blue,Silicon,Yes,22,Yes,1.7 inches,,Sri Lanka,2014
168,boat,1699,$1699,71.6360601,4,98388,"Wave Neo with 1.69 inch , 2.5D Curved Display & Multiple Sports Modes",Rectangle,Black,Silicon,Yes,22,Yes,1.7 inches,,Sri Lanka,2015
169,boat,2499,$2499,72.20244716,4.2,2893,"Wave Infinity with 1.85"" HD Screen, Functional Crown and Bluetooth Calling",Rectangle,Black,Silicon,Yes,22,Yes,1.9 inches,,Sri Lanka,2015
170,boat,3299,$3299,66.33329932,4.1,13261,"Storm Pro Call with Bluetooth Calling, 1.78'' AMOLED Display and ASAP Charge",Rectangle,Red,Silicon,Yes,22,Yes,1.8 inches,,Sri Lanka,2014
171,boat,1499,$1499,74.97495826,4.1,45492,Wave beat 1.69Inch HD display with complete health monitoring,Rectangle,Red,Silicon,Yes,22,Yes,1.6 inches,,Sri Lanka,2015
172,boat,2499,$2499,58.28046745,4.2,39734,"Wave Connect with Bluetooth Calling, Voice Assistant and 1.69"" HD Display",Rectangle,Grey,Silicon,Yes,22,Yes,1.7 inches,,Sri Lanka,2015
173,boat,1299,$1299,81.41630901,3.9,17456,Wave pro 1.69inch HD display withTemperature Sensor and live cricket updates,Rectangle,Purple,Silicon,Yes,22,Yes,1.7 inches,,Sri Lanka,2014
174,boat,1299,$1299,78.31385643,4.1,619130,"Storm 1.3"" CurvedDisplay",Square,Blue,Thermo Plastic Polyurethene,Yes,22,Yes,1.3 inches,,Sri Lanka,2013
175,boat,1999,$1999,77.78642071,3.9,6469,"Storm Pro with 1.78"" AMOLED Display, 700+ Active Modes",Rectangle,Black,Silicon,Yes,22,Yes,1.8 inches,,Sri Lanka,2016
176,boat,2499,$2499,68.72340426,4,8179,Wave Arcade with 1.81 inch HD Display and Bluetooth Calling,Rectangle,Green,Silicon,Yes,22,Yes,1.8 inches,,Sri Lanka,2012
177,boat,3999,$3999,42.78969957,4.2,628,"Wave Ultima with 1.8 inch Curve Arc HD Display, Bluetooth Calling with BT v5.3",Rectangle,Red,Silicon,Yes,22,Yes,1.8 inches,,Sri Lanka,2015
178,boat,2799,$2799,53.2721202,3.9,2406,"Wave Select with 1.69"" HD Display, upto 10 Days Battery, HR & SpO2 Monitoring",Square,Green,Silicon,Yes,22,Yes,1.6 inches,,Sri Lanka,2014
179,boat,1999,$1999,71.40200286,3.9,12026,"Watch Mercury 1.54"" TFTDisplay",Rectangle,Blue,Silicon,Yes,22,Yes,1.5 inches,,Sri Lanka,2012
180,boat,,$,,5,,"Wave Beat Call with BT Calling, 1.69 HD Display & 600+ Watch Face",Rectangle,Black,Silicon,Yes,22,Yes,1.7 inches,,Sri Lanka,2017
181,boat,2299,$2299,67.11015737,3.9,16676,"Vertex 1.69"" HealthEcosystem",Square,Black,Silicon,Yes,22,Yes,1.7 inches,,Sri Lanka,2015
182,boat,2999,$2999,62.46558198,3.8,11340,Xplorer,Square,Black,Silicon,Yes,22,Yes,1.3 inches,,Sri Lanka,2018
183,honor,8999,$8999,40.00266684,4.4,14613,Magic Watch 2 (46mm),Circle,Black,Fluoroelastomer,Yes,8,Yes,1.4 inches,20 - 35 g,Sri Lanka,2017
184,honor,12999,$12999,31.58060951,4.2,84,Watch GS 3,Circle,Blue,Leather,Yes,8,Yes,1.4 inches,20 - 35 g,Sri Lanka,2017
185,honor,13999,$13999,12.5007813,4.4,14613,Magic Watch 2 (46 mm),Circle,Brown,Leather,Yes,8,Yes,1.8 inches,20 - 35 g,Sri Lanka,2017
186,honor,17999,$17999,14.28639459,4.4,1111,Watch GS Pro,Circle,Blue,Nylon,Yes,17.5,Yes,1.4 inches,20 - 35 g,Sri Lanka,2016
187,honor,4999,$4999,54.55041367,4.3,2241,Watch ES,Rectangle,Pink,Silicon,Yes,22,Yes,1.6 inches,<= 20 g,Sri Lanka,2015
188,honor,9047,$9047,49.73609645,4.3,1779,Magic SmartWatch,Circle,Brown,Leather,Yes,22,Yes,1.2 inches,,Sri Lanka,2017
189,honor,7999,$7999,53.8510356,4.3,1779,Watch Magic,Circle,Black,Silicon,Yes,22,Yes,1.2 inches,,Sri Lanka,2013
190,honor,10999,$10999,21.43010215,4.4,14613,Magic Watch 2 (42 mm),Circle,Black,Fluoroelastomer,Yes,22,Yes,1.7 inches,<= 20 g,Singapore,2015
191,samsung,12990,$12990,56.69855662,4.4,35511,"Watch 4, 44mmSuper AMOLED bluetooth calling function & body composition tracking",Circle,Black,Rubber,Yes,3.5,Yes,1.4 inches,<= 20 g,Singapore,2015
192,samsung,27999,$27999,6.666888896,4.3,435,Watch 5 40mmSuper AMOLED displayBluetooth calling & body composition tracking,Circle,Graphite,Rubber,Yes,3.5,Yes,1.2 inches,<= 20 g,Singapore,2013
193,samsung,35999,$35999,10.00025001,4.3,435,Watch 5 44mmSuper AMOLED displayLTE calling & body composition tracking,Circle,Graphite,Rubber,Yes,3.5,Yes,1.4 inches,<= 20 g,Singapore,2015
194,samsung,22749,$22749,40.13263507,4.2,567,Galaxy Watch4 Classic Bluetooth (4.6cm),Circle,Black,Fluoroelastomer,Yes,3.5,Yes,1.4 inches,75g +,Singapore,2013
195,samsung,32999,$32999,8.333564821,4.3,435,Watch 5 40mmSuper AMOLED display LTE calling & body composition tracking,Circle,Graphite,Rubber,Yes,3.5,Yes,1.2 inches,<= 20 g,Singapore,2013
196,samsung,44999,$44999,8.163431907,4.4,88,Watch 5 pro 45mmSuper AMOLED displayBluetooth callingwith advanced GPS tracking,Circle,Black,Rubber,Yes,3.5,Yes,1.4 inches,20 - 35 g,Singapore,2017
197,samsung,34997,$34997,18.60973511,4.2,567,Galaxy Watch4 Classic LTE (4.6cm),Circle,Silver,Fluoroelastomer,Yes,3.5,Yes,1.4 inches,75g +,Singapore,2013
198,samsung,49999,$49999,9.091074383,4.4,88,Watch 5 pro45mmSuper AMOLED displayLTE callingwith advanced GPS tracking,Circle,Grey,Rubber,Yes,3.5,Yes,1.4 inches,20 - 35 g,Singapore,2015
199,samsung,24999,$24999,7.407681766,4.1,91,Galaxy Watch4 Bluetooth (4.0cm),Circle,Black,Fluoroelastomer,Yes,3.5,Yes,4.0 inches,<= 20 g,Singapore,2015
200,samsung,31999,$31999,8.571673476,3.8,40,Galaxy Watch4 Classic Bluetooth (4.2cm),Circle,Black,Fluoroelastomer,Yes,3.5,Yes,1.2 inches,20 - 35 g,Singapore,2014
201,samsung,16999,$16999,51.43004086,4.2,567,Galaxy Watch4 LTE (4.4cm),Circle,Black,Fluoroelastomer,Yes,3.5,Yes,1.4 inches,<= 20 g,Singapore,2014
202,samsung,39490,$39490,,4.3,1489,Galaxy Watch 3 45 mm LTE,Circle,Black,Leather,Yes,3.5,Yes,1.8 inches,20 - 35 g,Singapore,2017
203,samsung,17490,$17490,50.02714363,4.2,567,Galaxy Watch4 Classic Bluetooth(4.2cm),Circle,Silver,Fluoroelastomer,Yes,3.5,Yes,1.2 inches,20 - 35 g,Singapore,2014
204,samsung,31999,$31999,20.00050001,4.2,567,Galaxy Watch4 Classic LTE (4.2cm),Circle,Black,Fluoroelastomer,Yes,3.5,Yes,1.2 inches,20 - 35 g,Singapore,2013
205,samsung,28999,$28999,9.375292978,3.8,12,Galaxy Watch4 LTE (4.0cm),Circle,Pink,Fluoroelastomer,Yes,3.5,Yes,1.2 inches,<= 20 g,Singapore,2015
206,samsung,11999,$11999,61.28105841,4.3,1489,Galaxy Watch 3 41 mm,Circle,Black,Leather,Yes,3.5,Yes,1.6 inches,20 - 35 g,Singapore,2017
207,samsung,16999,$16999,40.33345033,4.1,1980,Galaxy Watch Active 2 Aluminium LTE,Circle,Grey,Silicon,Yes,3.5,Yes,1.4 inches,<= 20 g,Singapore,2013
208,samsung,16999,$16999,46.86151922,4.4,23940,Galaxy Watch Active 2 Steel,Circle,Black,Leather,Yes,3.5,Yes,1.7 inches,20 - 35 g,Singapore,2017
209,samsung,16999,$16999,34.59407464,4.4,23940,Galaxy Watch Active 2 Aluminium,Circle,Beige,Silicon,Yes,3.5,Yes,1.7 inches,<= 20 g,Singapore,2012
210,samsung,27490,$27490,8.333055454,4.2,201,Galaxy Watch 46 mm LTE,Circle,Black,Silicon,Yes,3.5,Yes,1.8 inches,75g +,Thailand,2017
211,samsung,19990,$19990,,4.3,68,Galaxy Watch Active,Circle,Blue,Rubber,Yes,3.5,Yes,1.1 inches,<= 20 g,Thailand,2017
212,samsung,24490,$24490,14.04001404,3.7,153,Galaxy Watch 42 mm LTE,Circle,Beige,Silicon,Yes,3.5,Yes,1.7 inches,20 - 35 g,Thailand,2013
213,samsung,30990,$30990,10.14786895,4.1,1980,Galaxy Watch Active 2 Steel LTE,Circle,Brown,Silicon,Yes,17.5,Yes,1.4 inches,20 - 35 g,Thailand,2017
214,samsung,29990,$29990,3.22684737,4.3,1489,Galaxy Watch 3 41 mm LTE,Circle,Pink,Leather,Yes,3.5,Yes,1.6 inches,20 - 35 g,Thailand,2018
215,samsung,16990,$16990,50.027942,4.5,12211,Galaxy Watch 46 mm,Circle,Black,Rubber,Yes,3.5,Yes,1.8 inches,75g +,Thailand,2014
216,fitbit,11699,$11699,22.00146676,4.3,3999,Versa 2,Square,Black,Silicon,Yes,3.5,Yes,1.3 inches,20 - 35 g,Thailand,2017
217,fitbit,14999,$14999,,4.7,,Charge 5,Rectangle,Black,Silicon,Yes,22,Yes,1.0 inches,<= 20 g,Thailand,2013
218,fitbit,14999,$14999,,4.7,5,fitbit charge 5 blue,Rectangle,Blue,Silicon,Yes,3.5,No,1.3 inches,,Thailand,2013
219,fitbit,14999,$14999,,4.7,6,fitbit charge 5 black,Rectangle,Black,Silicon,Yes,3.5,No,0.2 inches,,Thailand,2012
220,fitbit,20499,$20499,,4.7,114,Fitbit Versa 4 Fitness Watch (Pink Sand / Copper Rose Aluminium) 6Membership,Curved,Pink,Silicon,Yes,3.5,Yes,0.2 inches,,Thailand,2016
221,fitbit,8999,$8999,,4.7,,Inspire 3,Rectangle,Morning Glow,Silicon,Yes,22,Yes,0.6 inches,,Thailand,2013
222,fitbit,8999,$8999,,4.7,,FitbitInspire 3 Health & Fitness Tracker (Lilac Bliss / Black,Rectangle,Passion Pink,Rubber,Yes,3.5,No,0.2 inches,,Thailand,2018
223,fitbit,17699,$17699,6.842465393,4.3,455,Versa 3,Curved,Black,Rubber,Yes,17.5,Yes,15.9 inches,,Thailand,2013
224,fitbit,20499,$20499,,4.7,114,Versa 4,Square,Beet Juice,Silicon,Yes,17.5,Yes,1.5 inches,20 - 35 g,Thailand,2015
225,fitbit,20999,$20999,8.696030262,4.2,547,Sense,Curved,Black,Rubber,Yes,17.5,Yes,1.6 inches,<= 20 g,Thailand,2013
226,fitbit,8999,$8999,61.70475339,4.1,4475,Versa Special Edition,Square,Charcoal,Fabric,Yes,3.5,Yes,1.3 inches,20 - 35 g,Thailand,2015
227,fitbit,26499,$26499,,4.1,367,Ionic,Square,Grey,Rubber,Yes,17.5,Yes,1.3 inches,,Thailand,2018
228,fitbit,19999,$19999,,4.2,1583,Blaze,Contemporary,Black,Rubber,Yes,3.5,Yes,1.3 inches,,Thailand,2014
229,fitbit,24990,$24990,,3.9,188,Surge,Square,Blue,Rubber,Yes,22,Yes,1.3 inches,,Thailand,2013
230,fitbit,16999,$16999,,4.2,426,Versa Lite Edition,Square,Purple,Silicon,Yes,3.5,Yes,1.0 inches,20 - 35 g,Thailand,2014
231,fitbit,,$,,,,,,,,,,,,,Thailand,2015
232,fitbit,20590,$20590,4.228103633,4.1,4475,Versa,Square,Black,Silicon,Yes,3.5,Yes,1.3 inches,20 - 35 g,Thailand,2014
233,fitbit,24999,$24999,,4.7,,Sense 2,Square,White Platinum,Silicon,Yes,17.5,Yes,1.5 inches,20 - 35 g,Thailand,2018
234,fitbit,15499,$15499,35.41814242,4.5,92,Versa 2 Special Edition,Square,Multicolor,Fabric,Yes,17.5,Yes,,20 - 35 g,Thailand,2015
235,fitbit,20499,$20499,,4.7,,Fitbit Versa 4 Fitness Watch (Black / Graphite Aluminium)6-Month Membership,Curved,Black,Rubber,Yes,3.5,Yes,0.2 inches,,Thailand,2015
236,fitbit,20499,$20499,,4.7,,Fitbit Versa 4 Fitness Watch (Waterfall Blue / Platinum Aluminium) Membership,Curved,Blue,Rubber,Yes,22,Yes,0.2 inches,,Thailand,2014
237,amazfit,3999,$3999,33.33888981,4.2,3130,"Pop 2 with Ultra-large 1.78 inch HD AMOLED Display, BT Calling, SpO2",Square,Pink,Silicon,Yes,22,Yes,1.8 inches,75g +,Thailand,2017
238,amazfit,7499,$7499,55.88564033,4.3,11520,GTR 2 (New version)1.39HD AMOLEDBluetooth callingupto 10 days battery life,Circle,Grey,Silicon,Yes,8,Yes,1.4 inches,<= 20 g,Thailand,2012
239,amazfit,4499,$4499,25.00416736,4.1,333,Bip 3 Pro with 1.69 inch Large Color Display Built-in GPS,Square,Beige,Silicon,Yes,8,Yes,1.7 inches,<= 20 g,Thailand,2017
240,amazfit,9999,$9999,44.44691372,4.5,5265,T rex Pro 1.3HD AMOLED with advanced GPS & 10ATM water resistance,Circle,Black,Silicon,Yes,12.5,Yes,1.3 inches,75g +,Thailand,2016
241,amazfit,16999,$16999,29.167882,4.3,575,GTR 4 1.43AMOLED display Bluetooth calling & 6 satellite GPS positioning system,Circle,Black,Silicon,Yes,8,Yes,1.4 inches,<= 20 g,Thailand,2017
242,amazfit,4999,$4999,28.57551079,4.1,4694,Bip U pro 1.43 HD display GLONASS GPS & AI assistant,Rectangle,Pink,Silicon,Yes,22,Yes,1.4 inches,<= 20 g,Thailand,2013
243,amazfit,13999,$13999,26.31717459,4.1,306,"GTS 3 1,75 HD AMOLED with advanced GPS and 150+ sports modes",Square,Misty Rose,Silicon,Yes,8,Yes,1.8 inches,20 - 35 g,Thailand,2014
244,amazfit,13999,$13999,26.31717459,4.1,918,GTR 3 1.3 HD AMOLED with Always on Display and powerful Zepp OS,Circle,Grey,Silicon,Yes,17.5,Yes,1.4 inches,20 - 35 g,Thailand,2014
245,amazfit,18999,$18999,26.92411247,4.2,115,GTR 3 Pro,Circle,Brown,Silicon,Yes,8,Yes,1.4 inches,20 - 35 g,Thailand,2014
246,amazfit,6999,$6999,30.0030003,3.7,81,"GTS2 Mini with 1.55"" AMOLED Display Built-in Alexa",Rectangle,Black,Silicon,Yes,8,Yes,1.6 inches,,Thailand,2015
247,amazfit,8999,$8999,35.71683692,4.3,578,GTR 2e,Circle,Black,Silicon,Yes,17.5,Yes,1.4 inches,<= 20 g,Thailand,2015
248,amazfit,19999,$19999,16.66736114,4.3,,GTS 4 Alexa Built-in Fitness Tracker Calling 1.75'' HD Display SpO2 Waterproof,Rectangle,White,Silicon,Yes,8,Yes,1.8 inches,,United Arab Emirates,2016
249,amazfit,2999,$2999,50.00833472,3.8,15,Bip U,Square,Black,Silicon,Yes,22,Yes,1.4 inches,<= 20 g,United Arab Emirates,2015
250,amazfit,7200,$7200,51.99679979,4,6,Bip Lite,Square,Black,Silicon,Yes,3.5,Yes,3.0 inches,,United Arab Emirates,2016
251,garmin,139990,$139990,,4.7,6022,"Fenix 7X Sapphire Solar, Up to 28 days/37 days with solar*, Built in Flashlight",Circle,Silver,Stainless Steel,Yes,17.5,Yes,0.1 inches,,United Arab Emirates,2014
252,garmin,16990,$16990,19.05669366,4.4,90,"Venu Sq, Smartwatch, Advanced Sleep Monitoring, Upto 6 Days of Battery, SPO2",Square,Grey,Silicon,Yes,17.5,Yes,1.3 inches,20 - 35 g,United Arab Emirates,2014
253,garmin,39490,$39490,,5,6,"Forerunner 255, GPS Running Smartwatch, Advanced Insights, HRV Status",Circle,Grey,Silicon,No,8,Yes,1.3 inches,,United Arab Emirates,2017
254,garmin,33490,$33490,,4.7,,"Venu Sq 2 Music, AMOLED, Mindful Breathing, Upto 11 Days Battery",Square,Black,Silicon,Yes,17.5,Yes,1.4 inches,20 - 35 g,United Arab Emirates,2018
255,garmin,24990,$24990,31.51548369,4.4,43,"Forerunner 245 Music, GPS Running Smartwatch, Advanced Running Dynamics",Circle,Red,Silicon,No,22,Yes,1.2 inches,20 - 35 g,United Arab Emirates,2017
256,garmin,34990,$34990,32.69859588,4.3,6,"Forerunner 745, GPS Multisport Watch, Training Stats, Advanced Running Dynamics",Circle,Red,Silicon,No,22,Yes,1.2 inches,20 - 35 g,United Arab Emirates,2018
257,garmin,39490,$39490,5.953798523,4.8,6,"Venu 2, GPS Smartwatch, AMOLED Display, Upto 11 Days Battery, SPO2 & Music",Circle,Blue,Silicon,Yes,17.5,Yes,33.0 inches,,United Arab Emirates,2017
258,garmin,89490,$89490,4.787743377,4.7,,"Fenix 7 Solar Multisport Watch, PacePro Technology, ClimbPro, Stamina Tracking",Circle,Black,Silicon,Yes,12.5,Yes,0.1 inches,,United Arab Emirates,2013
259,garmin,67490,$67490,,4.7,,"Forerunner 955 Solar charging upto 20 days, HRV & Stamina Status, Triathlon",Circle,White,Silicon,No,8,Yes,1.3 inches,75g +,United Arab Emirates,2017
260,garmin,20990,$20990,,4.2,61,"Forerunner 55, GPS Smartwatch, upto 2 Weeks of Battery Life, PacePro Technology",Circle,Blue,Silicon,No,22,Yes,1.0 inches,,Belgium,2017
261,garmin,98990,$98990,,4.7,6022,"Epix Gen 2, Sapphire, Up to 16 days Battery, AMOLED Display, Real Time Stamina",Circle,Black,Silicon,Yes,17.5,Yes,0.1 inches,,Belgium,2016
262,garmin,49990,$49990,3.846893633,4.7,,Approach S62,Circle,Black,Silicon,Yes,8,Yes,1.3 inches,75g +,Belgium,2018
263,garmin,44990,$44990,10.89324619,4,6,"Instinct 2 Solar, Rugged Outdoor SmartWatch, Multi GNSS, Tracback Routing",Circle,Blue,Silicon,No,17.5,Yes,0.9 inches,,Belgium,2012
264,garmin,22990,$22990,26.99269609,4.1,20,"Instinct Esports Edition, Broadcast stress level & HR to PC gaming streams*",Circle,Black,Silicon,No,8,Yes,0.9 inches,,Belgium,2016
265,garmin,33490,$33490,9.462016761,4.6,5,"Instinct 2, Battery Upto 28 days, Tracback Routing, Multi GNSS, Health Snapshot",Circle,Black,Silicon,No,17.5,Yes,0.9 inches,,Belgium,2016
266,garmin,39490,$39490,12.22493888,4.7,109,"Venu 2S, GPS Smartwatch, AMOLED Display, Upto 11 Days Battery, SPO2 & Music",Circle,White,Silicon,Yes,22,Yes,27.9 inches,,Belgium,2015
267,garmin,27990,$27990,,5,3,"Venu Sq 2, AMOLED, Mindful Breathing, Upto 11 Days of Battery",Square,Grey,Rubber,Yes,17.5,Yes,1.4 inches,20 - 35 g,Belgium,2012
268,garmin,20490,$20490,,5,3,Vivomove Sports,Circle,Brown,Silicon,No,3.5,Yes,18.5 inches,,Belgium,2013
269,garmin,89490,$89490,0.555617291,4.7,6022,"Epix Gen 2, Up to 16 days Battery, AMOLED Display, Real Time Stamina",Circle,Grey,Silicon,Yes,17.5,Yes,0.1 inches,,Belgium,2018
270,garmin,46990,$46990,,4.5,8,"Venu 2 Plus, AMOLED Display, Built in Speaker & MIC, Upto 9 Days Battery, SPO2",Circle,White,Silicon,Yes,3.5,Yes,1.3 inches,75g +,Belgium,2017
271,garmin,44990,$44990,4.256224729,4,6,"Instinct 2 Solar, Battery Up to 28 days/Unlimited with solar*, Tracback Routing",Circle,Black,Silicon,No,17.5,Yes,0.9 inches,,Belgium,2017
272,garmin,46990,$46990,24.80396863,4.1,10,"Forerunner 945, Premium GPS Running/Triathlon Smartwatch with Music",Circle,Black,Silicon,No,8,Yes,1.9 inches,,Belgium,2013
273,garmin,33490,$33490,15.19371993,4.7,109,"Instinct 2S, Battery Upto 21 days, Health Snapshot, SPO2, HIIT workout, VO2 Max",Circle,Red,Silicon,No,17.5,No,0.8 inches,,Belgium,2013
274,garmin,20990,$20990,19.23816853,3.4,7,"Venu Sq Music, Smartwatch, Advanced Sleep Monitoring, Upto 6 Days Battery, SPO2",Square,Blue,Silicon,Yes,17.5,Yes,1.3 inches,,Belgium,2018
275,garmin,64990,$64990,21.68936016,4.7,,"Fenix 6S Sapphire, Premium GPS Watch, Music, Pace Guidance and Pulse Ox Sensors",Circle,Black,Silicon,Yes,22,Yes,1.2 inches,75g +,Belgium,2013
276,garmin,44990,$44990,10.89324619,4.7,,"Instinct 2S Solar, Battery Upto 21 days/51 days with solar*, SPO2, HIIT workout",Circle,Green,Silicon,No,17.5,Yes,0.8 inches,,Belgium,2012
277,garmin,76990,$76990,20.12656915,4.7,7,"Fenix 6 Sapphire Carbon Gray DLC, Wrist-Based Heart Rate and Pulse OX, Sensors",Circle,Silver,Silicon,Yes,17.5,Yes,1.3 inches,,Belgium,2014
278,garmin,67490,$67490,0.735402265,4.7,6022,"Fenix 7 Multisport GPS Watch, Upto 18 Days Battery, Climbpro, Stamina, HRV",Circle,Grey,Silicon,Yes,12.5,Yes,0.1 inches,,Belgium,2017
279,garmin,39490,$39490,12.22493888,4.7,109,"Instinct 2, Rugged Outdoor Watch with GPS, Built for All Elements, Multi-GNSS",Circle,Grey,Silicon,No,17.5,Yes,0.9 inches,,Belgium,2017
280,garmin,50490,$50490,9.823182711,4.7,109,"Instinct 2 Solar, Tactical Rugged SmartWatch, Multi GNSS, Tracback Routing",Circle,Brown,Silicon,No,17.5,Yes,0.9 inches,,Belgium,2014
281,garmin,27990,$27990,30.00750188,3.7,10,"Venu, GPS Smartwatch with Music, Body Energy Monitoring, Animated Workouts",Circle,Blue,Silicon,Yes,3.5,Yes,1.2 inches,20 - 35 g,Belgium,2017
282,huawei,18990,$18990,36.67889296,4.3,189,GT 2 Pro,Circle,Black,Fluoroelastomer,Yes,8,Yes,1.4 inches,75g +,Belgium,2015
283,huawei,14990,$14990,28.5850405,4.5,3228,Watch GT 2 (46 mm),Circle,Black,Fluoroelastomer,Yes,8,Yes,1.8 inches,20 - 35 g,Belgium,2013
284,huawei,15990,$15990,23.82086708,4.4,399,Watch GT Active,Circle,Orange,Silicon,Yes,8,Yes,1.8 inches,,Belgium,2014
285,huawei,14990,$14990,25.01250625,4.7,,Watch GT 2 (42 mm),Circle,Black,Fluoroelastomer,Yes,22,Yes,1.7 inches,<= 20 g,Belgium,2017
286,huawei,29999,$29999,,3.8,5,Watch 2 Sport with 4G,Circle,Black,Silicon,Yes,17.5,Yes,1.2 inches,,Belgium,2018
287,huawei,25999,$25999,,3.9,21,Watch 2 Leather,Circle,Black,Leather,Yes,17.5,Yes,1.2 inches,,Belgium,2012
288,huawei,6999,$6999,30.0030003,3.3,20,Fit,Circle,Orange,Silicon,Yes,17.5,Yes,1.2 inches,,Belgium,2015
289,huawei,10990,$10990,47.64173416,4.5,203,Watch GT Sport,Circle,Black,Silicon,Yes,8,Yes,1.8 inches,75g +,Belgium,2018
290,huawei,10990,$10990,50.02273761,4.5,93,Watch GT Classic,Circle,Brown,Leather,Yes,8,Yes,1.8 inches,75g +,Belgium,2016
291,huawei,8990,$8990,55.02751376,4.3,1269,Watch GT 2e Sport,Circle,Red,Thermo Plastic Polyurethene,Yes,8,Yes,1.4 inches,,Belgium,2017
292,huawei,11990,$11990,40.02001001,4.3,1269,Watch GT 2e Active,Circle,Green,Thermo Plastic Polyurethene,Yes,8,Yes,1.4 inches,,Belgium,2017
293,huawei,6990,$6990,53.36891261,4.3,119,Watch Fit,Rectangle,Pink,Silicon,Yes,22,Yes,4.2 inches,<= 20 g,Belgium,2012
294,fossil,23995,$23995,,4.2,343,Gen 6,Circle,Purple,Silicon,Yes,17.5,Yes,1.3 inches,,Belgium,2013
295,fossil,18495,$18495,,3.8,172,Gen 5E,Circle,Black,Stainless Steel,Yes,22,Yes,1.7 inches,,India,2015
296,fossil,15289,$15289,33.51163296,4,470,Garrett HR,Circle,Silver,Stainless Steel,Yes,17.5,Yes,1.3 inches,,India,2014
297,fossil,17995,$17995,,3.9,46,Sport Smartwatch,Circle,Multicolor,Silicon,Yes,17.5,Yes,1.2 inches,,India,2016
298,fossil,19999,$19999,9.074789725,3.8,53,Q Venture,Circle,Silver,Stainless Steel,Yes,22,Yes,1.7 inches,,India,2012
299,fossil,9995,$9995,33.34444815,3.9,57,Fb-01 Hybrid Smartwatch Hr,Circle,Black,Silicon,No,22,Yes,1.1 inches,,India,2012
300,fossil,14995,$14995,34.79017178,4,4483,The Carlyle HR,Circle,Grey,Stainless Steel,Yes,17.5,Yes,1.3 inches,,India,2013
301,fossil,13195,$13195,40.00909298,3.9,510,4th Gen Venture HR,Circle,Gold,Stainless Steel,Yes,22,Yes,1.6 inches,,India,2014
302,fossil,9995,$9995,44.45679355,4,1532,Sport 43,Circle,Blue,Silicon,Yes,3.5,Yes,1.2 inches,,India,2014
303,fossil,9198,$9198,60,4.3,283,Julianna HR,Circle,Beige,Leather,Yes,17.5,Yes,1.3 inches,,India,2015
304,fossil,13495,$13495,,4.7,,Jacqueline,Circle,Black,Stainless Steel,No,17.5,Yes,1.3 inches,,India,2014
305,fossil,17995,$17995,,4,599,Sport 41,Circle,Blue,Silicon,Yes,22,Yes,1.2 inches,,India,2015
306,fossil,18995,$18995,,4,102,Wander RG,Circle,Black,Silicon,Yes,22,Yes,45.0 inches,,India,2015
307,fossil,19995,$19995,,3.1,28,FTW4003 Smart Watch,Circle,Brown,Leather,Yes,22,Yes,1.4 inches,,India,2012
308,fossil,19995,$19995,,4.4,69,Q Explorist,Circle,Black,Leather,Yes,22,Yes,1.7 inches,,India,2017
309,fossil,11995,$11995,,4.3,4,Commuter,Circle,Black,Leather,No,17.5,Yes,1.7 inches,,India,2016
310,fossil,14995,$14995,,3.9,41,Charter Hybrid HR Smartwatch,Circle,Black,Leather,No,3.5,Yes,1.2 inches,75g +,India,2015
311,fossil,16495,$16495,,4.1,123,Collider Hybrid HR,Circle,Grey,Stainless Steel,No,3.5,Yes,1.1 inches,,India,2017
312,fossil,16495,$16495,,4.7,,Neutra Hybrid HR,Circle,Silver,Stainless Steel,No,8,Yes,1.1 inches,,India,2017
313,fossil,9995,$9995,39.40588057,3.8,144,FB-01 Hybrid HR,Circle,Black,Stainless Steel,Yes,3.5,Yes,1.1 inches,,India,2017
314,fossil,13995,$13995,,3.8,4,FTW1140 Q Hybrid Watch,Circle,Blue,Stainless Steel,No,22,Yes,,,India,2015
315,fossil,13495,$13495,,4.4,11,Q Jacqueline,Circle,Silver,Stainless Steel,No,17.5,Yes,1.3 inches,,India,2017
316,fossil,13495,$13495,,4.7,3,Neely,Circle,Blue,Stainless Steel,No,17.5,Yes,1.3 inches,,India,2014
317,fossil,10998,$10998,49.99772676,3.9,5182,4th Gen Explorist HR,Circle,Black,Silicon,Yes,22,Yes,1.8 inches,,India,2014
318,dizo,1299,$1299,76.37752319,4,1598,"Watch D Sharp 1.75"" with High Res (320*390) Display (By realme techLife)",Rectangle,Grey,Silicon,Yes,8,Yes,1.8 inches,20 - 35 g,India,2018
319,dizo,1799,$1799,64.01280256,4.2,34953,Watch D 1.8 inch Dynamic display with 550nits brightness,Rectangle,Black,Silicon,Yes,8,Yes,1.8 inches,75g +,India,2016
320,dizo,3299,$3299,45.00750125,4,28926,Watch R AMOLED with 45 mm Dial Size (by realme techLife),Circle,Black,Silicon,Yes,22,Yes,1.3 inches,20 - 35 g,India,2017
321,dizo,1999,$1999,66.67777963,4.1,561,"Watch D2 with 1.91 inch super big display ,BT Calling (by realme TechLife)",Rectangle,Black,Silicon,Yes,22,Yes,1.9 inches,20 - 35 g,India,2012
322,dizo,1699,$1699,57.51437859,4.2,110067,Watch 2,Rectangle,Pink,Silicon,Yes,12.5,Yes,1.7 inches,75g +,India,2012
323,dizo,1199,$1199,65.73306659,4.2,62964,"Watch 2 sports (by realme techlife) 1.69"" Bright screen with 110+ sports modes",Square,Blue,Silicon,Yes,22,Yes,1.7 inches,20 - 35 g,India,2013
324,dizo,4499,$4499,35.71938848,4.2,6385,"Watch R Talk, Amoled Display with Calling & 10 days battery",Circle,Grey,Silicon,Yes,22,Yes,1.3 inches,75g +,India,2015
325,dizo,3499,$3499,41.67361227,4.2,1785,Watch D Talk 1.8 display with calling&7 day battery (by realme Techlife),Rectangle,Grey,Silicon,Yes,22,Yes,1.8 inches,75g +,Greece,2017
326,dizo,1999,$1999,50.01250313,3.9,3492,Watch S 1.57 Bright touch screen with rectangular display and 110+ sports modes,Rectangle,Pink,Silicon,Yes,22,Yes,1.6 inches,20 - 35 g,Greece,2018
327,dizo,1999,$1999,60.0120024,4.1,717,"Watch D Plus with 1.85inch,550nits display&14 day battery",Rectangle,Blue,Silicon,Yes,8,Yes,1.9 inches,20 - 35 g,Greece,2017
328,dizo,2799,$2799,30.00750188,4.1,7586,Watch Pro,Square,Black,Silicon,Yes,8,Yes,1.8 inches,20 - 35 g,Greece,2013
329,dizo,3299,$3299,52.86469496,3.9,345,WATCH D ULTRA 1.78 AMOLED WITH CALLING,Square,Blue,Silicon,Yes,22,Yes,1.8 inches,20 - 35 g,Greece,2017
330,dizo,3999,$3999,42.86326618,4.1,663,"Watch R Talk Go, 1.39 inch, 550nits display, 10 day battery (by realme TechLife)",Circle,Blue,Silicon,Yes,22,Yes,1.4 inches,20 - 35 g,Greece,2017
331,dizo,2699,$2699,55.00916819,3.3,222,"WATCH D PRO WITH CALLING,D1 CHIPSET,OS,1.85 INCH DISPLAY",Square,Grey,Silicon,Yes,22,Yes,1.9 inches,20 - 35 g,Greece,2013
332,dizo,5999,$5999,14.28775539,4.2,13,"R Talk, Amoled Display with Calling & 10 days battery",Circle,Black,Silicon,Yes,22,Yes,1.3 inches,75g +,Greece,2015
333,dizo,5999,$5999,14.28775539,4.2,13,R TALK SMARTWATCH Amoled Display with Calling10 Days Battery(SilverGrey)FreeSize,Circle,Grey,Silicon,Yes,22,Yes,1.3 inches,75g +,Greece,2016
334,dizo,3999,$3999,33.33888981,4.2,42860,D TALK SMART WATCH (SILVER GREY),Rectangle,Grey,Silicon,Yes,22,Yes,1.8 inches,75g +,Greece,2015
335,dizo,3999,$3999,33.33888981,4.2,42860,"D Talk DW 32051 Smart Watch with Up to 7 Day Battery Life, Classic Black",Rectangle,Black,Silicon,Yes,22,Yes,1.8 inches,75g +,Greece,2018
336,dizo,2499,$2499,37.50937734,3.6,70,Watch 2 Sports i,Square,Black,Plastic,Yes,22,Yes,1.7 inches,,Greece,2013
337,gizmore,1199,$1199,73.34963325,4.7,,GizFit CLOUD 1.85 IPS Large Display | AI Voice Assistant | Bluetooth Calling,Square,Blue,Silicon,Yes,22,Yes,1.8 inches,20 - 35 g,Greece,2013
338,gizmore,1799,$1799,70.01166861,4.2,4813,"GizFit Ultra BT Calling Smartwatch With 1.69"" HD Display| 60+ Sports Mode",Square,Grey,Silicon,Yes,3.5,Yes,0.1 inches,20 - 35 g,Greece,2013
339,gizmore,1299,$1299,76.37752319,3.8,3137,GizFit BLAZE BT Calling Smartwatch | 1.69 Inch IPS Curved 500 NITS Display,Square,Black,Silicon,Yes,3.5,Yes,0.1 inches,20 - 35 g,Greece,2013
340,gizmore,2799,$2799,68.89654406,4,1994,GizFit GLOW AMOLED with 3.4 Cm | ALWAYS-ON | 550 NITS Brightness | BT Calling,Circle,Black,Silicon,Yes,3.5,Yes,1.4 inches,75g +,Greece,2017
341,gizmore,1999,$1999,66.67777963,4,1178,"Blaze Max 1.85"" BT Calling Edge to Edge Display, Voice Assistance, Bluetooth",Square,Grey,Silicon,Yes,8,Yes,1.9 inches,,Greece,2015
342,gizmore,3499,$3499,61.11790199,3.7,475,GizFit GLOW LUXE AMOLED with 3.35 Cm Display | 500 NITS| Bluetooth Calling,Circle,Black,Leather,Yes,3.5,Yes,1.3 inches,,Greece,2012
343,gizmore,1999,$1999,71.43877697,3.8,927,GizFit PLASMA Bluetooth Calling Smartwatch | 1.9 Inch HD Display | 550 NITS,Square,Blue,Silicon,Yes,22,Yes,1.9 inches,20 - 35 g,Iran,2016
344,gizmore,2399,$2399,56.37388616,5,3,GIZFIT BLAZE X 1.85 Inch Ultra HD Display | 600 NITS | BT Calling Smartwatch,Square,Burgundy,Silicon,Yes,3.5,Yes,1.9 inches,<= 20 g,Iraq,2012
345,gizmore,2799,$2799,60.00857265,4.3,7,GizFit ORBIT BT Calling with 1.32 Inch Ultra Sharp HD Display|500 NITS|ALWAYS-ON,Circle,Burgundy,Silicon,Yes,3.5,Yes,1.3 inches,,Iran,2017
346,gizmore,2199,$2199,63.34389065,3.5,10,Gizfit 910 Pro Bluetooth Calling with AI Voice Assistance,Square,Black,Silicon,Yes,3.5,Yes,1.7 inches,,Iran,2012
347,gizmore,1999,$1999,66.67777963,3.5,30,Gizfit Slate BT Calling | 1.57 Inch display | AI voice Assistance,Rectangle,Black,Silicon,Yes,3.5,Yes,1.6 inches,<= 20 g,Iran,2017
348,gizmore,1799,$1799,40.01333778,3.8,645,GizFit 902,Square,Black,Silicon,Yes,22,Yes,1.0 inches,,Iran,2017
349,gizmore,1499,$1499,78.58265466,4.7,,Vogue 1.95 Edge to Edge Larger IPS HD Display Bluetooth Calling,Square,Grey,Silicon,Yes,22,Yes,1.9 inches,20 - 35 g,Iran,2016
350,gizmore,6999,$6999,,4.7,,GizFIt Vogue 1.95 Always On 600 NITS HD Display Bluetooth Calling,Square,Orange,Silicon,Yes,22,Yes,1.9 inches,20 - 35 g,Iran,2015
351,gizmore,2799,$2799,60.00857265,4.7,,GizFit ORBIT BT Calling with 3.3 Cm | ALWAYS-ON | 500 NITS Brightness,Circle,Black,Silicon,Yes,3.5,Yes,1.3 inches,,Iran,2016
352,ambrane,1299,$1299,74.01480296,4.2,60292,Wise-Eon 1.69Lucid Display bluetooth calling function & 7 days battery life,Square,Grey,Silicon,Yes,22,Yes,1.7 inches,,Iran,2012
353,ambrane,1599,$1599,73.34555759,4.2,25108,"Wise-roam 1.28"" Full HD display,bluetooth calling and complete health tracking",Circle,Grey,Silicon,Yes,22,Yes,1.3 inches,,Iran,2017
354,ambrane,1799,$1799,70.01166861,4.2,453,"Wise Eon Max with 2.01'' Lucid display, BT Calling, with customisable watch face",Square,Black,Silicon,Yes,22,Yes,2.0 inches,,Iran,2012
355,ambrane,1499,$1499,71.71164371,4.2,8574,"Wise Eon Pro1.85"" lucid display with BT calling",Square,Red,Silicon,Yes,22,Yes,1.9 inches,,Iran,2017
356,ambrane,2499,$2499,58.34305718,4.3,7767,"Wise Glaze with 1.78"" Amoled display, BT Calling,SPO2 , Heart Rate Monitor",Square,Grey,Silicon,Yes,22,Yes,1.8 inches,,Cambodia,2017
357,ambrane,1799,$1799,52.64543301,4.2,8003,Flex 1.69inch Lucid display and SPO2,Square,Pink,Silicon,Yes,22,Yes,1.7 inches,,Cambodia,2017
358,ambrane,2299,$2299,42.51062766,4.1,2475,Surge 1.28 Curved Display with complete Health Tracking,Circle,Black,Silicon,Yes,22,Yes,1.3 inches,,Cambodia,2015
359,ambrane,1999,$1999,66.67777963,3.9,1099,Pulse,Rectangle,Black,Synthetic,Yes,22,Yes,1.3 inches,20 - 35 g,Cambodia,2017
360,ambrane,1499,$1499,60.54224796,4.2,1804,Flex,Square,Green,Silicon,Yes,22,Yes,1.7 inches,,Cambodia,2017
361,pebble,2799,$2799,62.67502334,4.4,12644,"Cosmos Ultra 1.91"" 600 nits BT-Calling High-Res Curved Display, Ultra-Thin Dial",Rectangle,Black,Silicon,Yes,22,Yes,1.9 inches,75g +,Cambodia,2016
362,pebble,4199,$4199,55.79534688,4.2,7828,"Cosmos luxe 1.36"" AMOLED Always-on Display Bluetooth calling(Midnight Gold)",Circle,Charcoal,Silicon,Yes,22,Yes,0.1 inches,,Cambodia,2017
363,pebble,4199,$4199,58.00580058,4.2,541,"Cosmos Luxe 2.0 1.43"" AMOLED Display with BT Calling and Responsive Watch Faces",Circle,Midnight,Silicon,Yes,22,Yes,1.4 inches,20 - 35 g,Cambodia,2015
364,pebble,1999,$1999,60.0120024,4,4240,"Frost 1.87'' BT Calling with 2.5D Curved HD Display, AI Voice Assisst",Rectangle,Blue,Silicon,Yes,3.5,Yes,20.0 inches,20 - 35 g,Cambodia,2017
365,pebble,4199,$4199,55.79534688,4.2,7828,"Cosmos luxe 1.36"" AMOLED Always-on Display Bluetooth calling",Circle,Green,Silicon,Yes,22,Yes,0.1 inches,,Cambodia,2017
366,pebble,1999,$1999,60.0120024,4,4240,"Frost 1.87 BT Calling with 2.5D Curved HD Display, AI Voice Assisst",Rectangle,Orange Alpine,Silicon,Yes,3.5,Yes,20.0 inches,20 - 35 g,Cambodia,2015
367,pebble,3499,$3499,41.67361227,4.7,,Zen Pro Unisex SPO2 Grey,Circle,Grey,Silicon,Yes,22,Yes,1.3 inches,,Cambodia,2015
368,pebble,4699,$4699,37.33831177,4.1,20,Revo Bluetooth Calling Smartwatch for Men Black,Circle,Brown,Leather,Yes,8,Yes,1.3 inches,,Cambodia,2014
369,pebble,3999,$3999,60.0060006,3.9,677,"Cosmos Grande 2.1 Largest Display, BT Calling, Wireless Charging,GPS Trajectory",Rectangle,Blue,Silicon,Yes,22,Yes,2.1 inches,20 - 35 g,Cambodia,2014
370,pebble,3999,$3999,38.46745653,3.4,45,Aspire Unisex 2.5D Curved Screen Smartwatch with Female Cycle Tracker Rose Gold,Rectangle,Pink,Silicon,Yes,22,Yes,1.6 inches,,Cambodia,2017
371,pebble,4990,$4990,28.70410059,4.1,1964,Cosmos,Square,Maroon,Silicon,Yes,8,Yes,0.1 inches,75g +,Cambodia,2015
372,pebble,1499,$1499,66.68148477,3.8,1338,"Spark Ace 1.85 Large HD Display, Health Suite, 100+ Watch Faces, 7 days battery",Rectangle,Blue,Silicon,Yes,17.5,Yes,1.9 inches,75g +,Cambodia,2014
373,pebble,4990,$4990,28.70410059,5,3,"Pebble Cosmos, Bluetooth Calling smartwatch Multi Sports Modes",Square,Blue,Rubber,Yes,8,Yes,0.2 inches,75g +,Cambodia,2018
374,pebble,3999,$3999,50.00625078,3.9,2874,Cosmos Pro 1.7inch HD LCD display with Bluetooth calling function,Square,Black,Silicon,Yes,22,Yes,0.1 inches,,Cambodia,2016
375,pebble,3999,$3999,46.67288972,4.1,99,Venus,Circle,Black,Silicon,Yes,22,Yes,1.1 inches,,Cambodia,2018
376,pebble,3999,$3999,50.00625078,3.9,2874,Cosmos Pro 1.7inch HD display with Bluetooth calling function,Square,"Pink, Gold",Silicon,Yes,22,Yes,0.1 inches,,Cambodia,2015
377,pebble,2499,$2499,44.45432318,3.5,1014,"Spark 1.7 inch Bluetooth Calling, HD Display with SPO2, HR Monitor",Rectangle,Deep Wine,Silicon,Yes,,Yes,1.7 inches,20 - 35 g,Cambodia,2017
378,pebble,2999,$2999,45.46281142,3.8,5,"Pace Pro Smartwatch with 1.7"" HD Curved Display Golden Ivory",Square,Gold,Silicon,Yes,8,Yes,0.1 inches,,Cambodia,2014
379,pebble,4499,$4499,40.00533404,3.1,10,Revo Bluetooth Calling Smartwatch for Men Tan Leather,Circle,Black,Silicon,Yes,8,Yes,1.3 inches,,Maldives,2014
380,pebble,3069,$3069,38.60772154,4,1371,Pace Unisex Smart Watch with Full Touch Dynamic Colour Display (Black,Rectangle,Black,Silicon,Yes,22,Yes,1.4 inches,20 - 35 g,Mexico,2016
381,pebble,1499,$1499,54.56198848,3.8,,"Prism 1.7""Display With Fitness & Outdoor Activity Black",Square,Black,Silicon,Yes,8,Yes,0.1 inches,,Mexico,2015
382,pebble,3299,$3299,34.00680136,3.8,,"prism ultra 1.69"" HD Display With Bluetooth Calling Green",Square,Sea Green,Silicon,Yes,8,Yes,0.1 inches,,Mexico,2013
383,pebble,2499,$2499,24.24977266,3.8,,"Prism 1.7""Display With Fitness & Outdoor Activity Blue",Square,Blue,Silicon,Yes,8,Yes,0.1 inches,,Mexico,2015
384,pebble,4990,$4990,28.70410059,4.1,1964,COSMOS,Square,Rose Gold,Silicon,Yes,3.5,Yes,0.1 inches,,Mexico,2014
385,pebble,2999,$2999,45.46281142,3.8,,"Pace Pro Smartwatch with 1.7"" HD Curved Display Golden Black",Square,Black,Silicon,Yes,8,Yes,0.1 inches,,Mexico,2012
386,pebble,3999,$3999,27.27768685,4.1,16,Prism Max Bluetooth Calling Large Display,Rectangle,Black,Silicon,Yes,22,Yes,0.1 inches,,Mexico,2013
387,pebble,2999,$2999,40.0080016,4,1371,Pace Unisex Smart Watch with Full Touch Dynamic Colour Display (Blue,Rectangle,Blue,Silicon,Yes,22,Yes,1.4 inches,20 - 35 g,Mexico,2015
388,pebble,4990,$4990,28.70410059,4.1,,"Pebble Cosmos, Bluetooth Calling smartwatch 24 Hour Health Tracking (Burgundy)",Square,Maroon,Silicon,Yes,8,Yes,0.1 inches,75g +,Mexico,2015
389,pebble,5190,$5190,30.7907721,4.1,,Venus Bluetooth Calling Smartwatch with Fitness Tracker for Women-Midnight Gold,Circle,Black,Silicon,Yes,,Yes,0.0 inches,,Mexico,2014
390,zebronics,2199,$2199,56.01120224,3.9,272,Zeb-Fit Me,Square,Green,Thermo Plastic Polyurethene,Yes,22,Yes,3.3 inches,20 - 35 g,Mexico,2013
391,zebronics,3499,$3499,36.37024914,3.9,22,SPECIAL EDITION Zeb-Fit380CH BLUETOOTH CALLING,Square,Black,Silicon,Yes,22,Yes,4.3 inches,75g +,Mexico,2018
392,zebronics,2999,$2999,62.50781348,3.5,22,Zeb-Fit7220CH,Rectangle,Black,Silicon,Yes,3.5,Yes,6.9 inches,,Mexico,2015
393,zebronics,2399,$2399,70.00875109,3.9,1328,Zeb-Fit4220CH,Circle,Silver,Silicon,Yes,22,Yes,3.3 inches,75g +,Malawi,2014
394,zebronics,1999,$1999,50.01250313,3.9,22,ZEB FIT8220CH,Square,Rose Gold,Silicon,Yes,17.5,Yes,1.7 inches,,Malaysia,2016
395,zebronics,4499,$4499,40.00533404,3.7,3,Zeb Fit 7220 CH,Rectangle,Black,Silicon,Yes,22,Yes,1.7 inches,,Malaysia,2013
396,zebronics,2199,$2199,56.01120224,3.9,22,ZEB-FITME,Square,Black,Silicon,Yes,17.5,Yes,1.3 inches,,Malaysia,2014
397,zebronics,2999,$2999,50.00833472,3.6,55,"ZEB-FIT5220CH 7-Day Data Storage, 8 Sports Mode, SpO2, BP & HR Monitor, (Metal)",Square,Black,Stainless Steel,Yes,22,Yes,0.2 inches,,Malaysia,2017
398,zebronics,5499,$5499,26.6702227,3.9,22,UNBEATABLE ZEB-FIT480CH,Square,Black,Silicon,Yes,22,Yes,1.8 inches,,Malaysia,2015
399,zebronics,3499,$3499,12.50312578,3.9,,Zeb-Fit1220CH,Square,Gold,Silicon,Yes,22,Yes,1.5 inches,,Malaysia,2017
400,zebronics,2799,$2799,49.09983633,3.9,22,ZEB FIT380CH,Square,Black,Rubber,Yes,22,Yes,1.7 inches,,Malaysia,2014
401,zebronics,1799,$1799,55.01375344,4.2,1823,ZEB-FIT8220CH,Square,Rose Gold,Silicon,Yes,22,Yes,4.3 inches,20 - 35 g,Malaysia,2012
402,zebronics,3499,$3499,56.25703213,1,1,Zeb Fit 4220 CH,Circle,Black,Silicon,Yes,22,Yes,1.3 inches,75g +,Malaysia,2017
403,zebronics,1399,$1399,68.90420093,4,469,ZEB-FIT920CH,Square,Red,Thermo Plastic Polyurethene,Yes,22,Yes,3.5 inches,20 - 35 g,Malaysia,2015
404,zebronics,3499,$3499,41.67361227,3.9,,SPECIAL EDITION Zeb-Fit380CH METALLIC STRAP,Square,Silver,Stainless Steel,Yes,22,Yes,4.3 inches,75g +,Malaysia,2012
405,zebronics,3099,$3099,61.25765721,2.3,3,FIT7220CH,Curved,Silver,Aluminium,Yes,22,Yes,0.1 inches,,Malaysia,2015
406,zebronics,1897,$1897,0.105318589,3.3,4,Fitness band,Rectangle,Grey,Silicon,Yes,22,Yes,2.3 inches,,Malaysia,2014
407,zebronics,2949,$2949,29.76899262,3.1,10,LEATHER fit-650,Oval,Black,Leather,Yes,,Yes,2.7 inches,,Malaysia,2015
408,zebronics,3449,$3449,17.86139557,2.9,17,ZEB-FIT650,Circle,Black,Silicon,Yes,3.5,Yes,2.4 inches,,Malaysia,2016
409,zebronics,1499,$1499,50.01667222,3.1,24,Smart Time 200,Circle,Black,Rubber,Yes,22,Yes,2.7 inches,75g +,Malaysia,2016
410,zebronics,2999,$2999,50.00833472,4,,FIT380CH,Rectangle,Silver,Stainless Steel,Yes,17.5,Yes,1.7 inches,,Malaysia,2015
411,fire-boltt,2499,$2499,58.34305718,2.5,,NINJA 2 MAX,Square,Black,Silicon,Yes,22,Yes,1.5 inches,,Malaysia,2013
412,fire-boltt,2399,$2399,80.00666722,2.5,6022,DAZZLE PLUS,Square,Black,Silicon,Yes,22,Yes,1.8 inches,,Poland,2017
413,fire-boltt,3927,$3927,60.72607261,2.5,,RING 3,Square,Black,Silicon,Yes,22,Yes,1.8 inches,,Poland,2015
414,fire-boltt,3927,$3927,60.72607261,2.5,,RING 3,Square,Gold,Silicon,Yes,22,Yes,1.8 inches,,Poland,2015
415,fire-boltt,2299,$2299,61.67694616,2.5,24,NINJA PRO MAX,Square,Blue,Silicon,Yes,22,Yes,1.6 inches,,Poland,2012
416,fire-boltt,2299,$2299,61.67694616,2.5,201,NINJA PRO MAX,Square,Black,Silicon,Yes,22,Yes,1.6 inches,,Poland,2017
417,fire-boltt,6499,$6499,50.00384645,2.5,,BSW019,Circle,Black,Silicon,Yes,22,Yes,1.3 inches,,Poland,2016
418,fire-boltt,4599,$4599,74.44858048,2.5,11,HULK BLUETOOTH CALLING,Square,Black,Silicon,Yes,22,Yes,1.8 inches,,Poland,2016
419,fire-boltt,3299,$3299,67.00670067,2.5,5,RING 2,Square,Grey,Silicon,Yes,22,Yes,1.7 inches,,Poland,2016
420,fire-boltt,2699,$2699,46.00920184,2.5,33,NINJA PRO,Square,Black,Silicon,Yes,22,Yes,1.3 inches,,Poland,2013
421,fire-boltt,2799,$2799,65.00812602,4.2,5,ninja calling,Square,Black,Rubber,Yes,22,Yes,0.1 inches,,Poland,2015
422,fire-boltt,3449,$3449,65.50655066,3.8,83,ring,Square,Black,Rubber,Yes,22,Yes,0.1 inches,75g +,Poland,2016
423,fire-boltt,3499,$3499,65.00650065,4.8,4,beast pro,Square,Silver,Rubber,Yes,8,Yes,0.1 inches,,Poland,2017
424,fire-boltt,3999,$3999,60.0060006,3.1,8,ring,Rectangle,Black,Silicon,Yes,22,Yes,0.1 inches,,Poland,2012
425,fire-boltt,3999,$3999,60.0060006,3.7,,bsw360,Circle,Blue,Rubber,Yes,22,Yes,0.1 inches,,Poland,2018
426,fire-boltt,3599,$3599,40.00666778,5,3,bsw001,Rectangle,Black,Silicon,Yes,22,Yes,1.4 inches,,Poland,2014
427,fire-boltt,3799,$3799,62.00620062,3.7,,beast pro,Square,Black,Rubber,Yes,3.5,Yes,0.1 inches,,Poland,2013
428,fire-boltt,3499,$3499,65.00650065,3.7,,beast pro,Rectangle,Pink,Rubber,Yes,8,Yes,0.1 inches,,Poland,2017
429,fire-boltt,3499,$3499,65.00650065,3.7,,beast pro,Square,Blue,Rubber,Yes,8,Yes,0.1 inches,,Singapore,2016
430,fire-boltt,5599,$5599,44.00440044,2.5,,bsw005,Square,White,Silicon,Yes,22,Yes,1.7 inches,,Singapore,2014
431,fire-boltt,3999,$3999,60.0060006,3.7,3,bsw016,Square,Pink,Silicon,Yes,22,Yes,1.7 inches,,Singapore,2017
432,fire-boltt,3699,$3699,69.17243104,2.5,,starcross,Square,Black,Silicon,Yes,8,Yes,1.8 inches,,Singapore,2013
433,fire-boltt,3899,$3899,67.50562547,2.5,,starcross,Square,Green,Silicon,Yes,22,Yes,1.8 inches,,Singapore,2014
434,fire-boltt,2298,$2298,61.6936156,3.6,5,ninja 2 max,Square,Black,Rubber,Yes,22,Yes,0.1 inches,,Singapore,2017
435,fire-boltt,3299,$3299,72.50604217,2.5,,wonder,Square,Black,Silicon,Yes,3.5,Yes,1.8 inches,,Singapore,2015
436,fire-boltt,1999,$1999,66.67777963,3.7,,"SpO2 Full Touch 1.4 inch Smart Watch with Blood Oxygen, Fitness (Black)",Square,Black,Rubber,Yes,22,Yes,0.1 inches,,Singapore,2014
437,fire-boltt,3599,$3599,64.00640064,3.7,,ring,Square,Blue,Rubber,Yes,22,Yes,0.1 inches,,Singapore,2012
438,fire-boltt,3599,$3599,64.00640064,3.7,,ring,Square,Red,Rubber,Yes,22,Yes,0.1 inches,,Singapore,2017
439,fire-boltt,5998,$5998,40.0140014,2.5,,tamish,Rectangle,Blue,Silicon,Yes,22,Yes,1.3 inches,,Singapore,2017
440,fire-boltt,5599,$5599,44.00440044,2.5,,bsw017,Square,Blue,Silicon,Yes,22,Yes,1.3 inches,,Singapore,2017
441,fire-boltt,2899,$2899,42.00840168,2.5,,bsw011,Square,Grey,Silicon,Yes,22,Yes,1.3 inches,,Singapore,2016
442,fire-boltt,3999,$3999,60.0060006,3.7,6,ring,Square,White,Rubber,Yes,22,Yes,1.7 inches,,Singapore,2016
443,fire-boltt,4599,$4599,42.50531316,2.5,,bsw002,Square,Black,Silicon,Yes,22,Yes,1.7 inches,,Singapore,2014
444,fire-boltt,6999,$6999,56.25351584,2.6,,bsw020,Circle,Brown,Silicon,Yes,8,Yes,1.4 inches,,Singapore,2017
445,fire-boltt,5999,$5999,33.33703745,2.5,,bsw003,Circle,Grey,Silicon,Yes,22,Yes,1.3 inches,,Singapore,2012
446,fire-boltt,3700,$3700,62.99629963,,,beast pro,Square,Black,Silicon,Yes,8,Yes,0.1 inches,,Singapore,2014
447,fire-boltt,5999,$5999,33.33703745,2.5,,bsw003,Circle,Gold,Silicon,Yes,22,Yes,1.3 inches,,Singapore,2013
448,fire-boltt,3200,$3200,59.99499937,,,call 2,Square,Blue,Silicon,Yes,22,Yes,0.1 inches,,Singapore,2012
449,fire-boltt,3000,$3000,62.49531191,,,call 2,Square,Black,Silicon,Yes,22,Yes,0.1 inches,,Singapore,2017
,,,,,,,,,,,,,,,,,
,,,,,,,,,,,,,,,,,
,,,,,,,,,,,,,,,,,
,,,,,,,,,,,,,,,,,
,,,,,,,,,,,,,,,,,
,,,,,,,,,,,,,,,,,
,,,,,,,,,,,,,,,,,
,,,,,,,,,,,,,,,,,
,,,,,,,,,,,,,,,,,
,,,,,,,,,,,,,,,,,
,,,,,,,,,,,,,,,,,
,,,,,,,,,,,,,,,,,
,,,,,,,,,,,,,,,,,
,,,,,,,,,,,,,,,,,
,,,,,,,,,,,,,,,,,
,,,,,,,,,,,,,,,,,
,,,,,,,,,,,,,,,,,
,,,,,,,,,,,,,,,,,
,,,,,,,,,,,,,,,,,
,,,,,,,,,,,,,,,,,
,,,,,,,,,,,,,,,,,
,,,,,,,,,,,,,,,,,
,,,,,,,,,,,,,,,,,
,,,,,,,,,,,,,,,,,
,,,,,,,,,,,,,,,,,
,,,,,,,,,,,,,,,,,
,,,,,,,,,,,,,,,,,
,,,,,,,,,,,,,,,,,
,,,,,,,,,,,,,,,,,
,,,,,,,,,,,,,,,,,
,,,,,,,,,,,,,,,,,
,,,,,,,,,,,,,,,,,
